{
  "img_size": [
    64,
    64
  ],
  "num_classes": 11,
  "class_names": [
    "1",
    "2",
    "3",
    "4",
    "5",
    "6",
    "7",
    "8",
    "9",
    "A",
    "B"
  ],
  "training_time_minutes": 26.6,
  "final_accuracy": 0.9968017339706421,
  "final_val_accuracy": 0.9980612397193909,
  "trained_on": "2025-10-08T17:31:25.719061"
}